-- MySQL Script generated by MySQL Workbench
-- Wed Jan 22 17:09:39 2025
-- Model: New Model    Version: 1.0
-- MySQL Workbench Forward Engineering

SET @OLD_UNIQUE_CHECKS=@@UNIQUE_CHECKS, UNIQUE_CHECKS=0;
SET @OLD_FOREIGN_KEY_CHECKS=@@FOREIGN_KEY_CHECKS, FOREIGN_KEY_CHECKS=0;
SET @OLD_SQL_MODE=@@SQL_MODE, SQL_MODE='ONLY_FULL_GROUP_BY,STRICT_TRANS_TABLES,NO_ZERO_IN_DATE,NO_ZERO_DATE,ERROR_FOR_DIVISION_BY_ZERO,NO_ENGINE_SUBSTITUTION';

-- -----------------------------------------------------
-- Schema mydb
-- -----------------------------------------------------
-- -----------------------------------------------------
-- Schema FlipFit_Schema
-- -----------------------------------------------------

-- -----------------------------------------------------
-- Schema FlipFit_Schema
-- -----------------------------------------------------
CREATE SCHEMA IF NOT EXISTS `FlipFit_Schema` DEFAULT CHARACTER SET utf8mb4 COLLATE utf8mb4_0900_ai_ci ;
USE `FlipFit_Schema` ;

-- -----------------------------------------------------
-- Table `FlipFit_Schema`.`Customer`
-- -----------------------------------------------------
CREATE TABLE IF NOT EXISTS `FlipFit_Schema`.`Customer` (
  `CustomerId` INT NOT NULL,
  `CustomerName` VARCHAR(45) NOT NULL,
  `CustomerAddress` VARCHAR(45) NOT NULL,
  `CustomerEmailId` VARCHAR(45) NOT NULL,
  `CustomerPassword` VARCHAR(45) NOT NULL,
  PRIMARY KEY (`CustomerId`),
  UNIQUE INDEX `CustomerEmail_UNIQUE` (`CustomerEmailId` ASC) VISIBLE)
ENGINE = InnoDB
DEFAULT CHARACTER SET = utf8mb4
COLLATE = utf8mb4_0900_ai_ci;

INSERT INTO `FlipFit_Schema`.`Customer` (`CustomerId`, `CustomerName`, `CustomerAddress`, `CustomerEmailId`, `CustomerPassword`) VALUES
(1, 'poojitha', 'grand continent', 'yakkala.l@flipkart.com', 'password123'),
(2, 'dhruv', 'icon premier', 'dhruv.mehta1@flipkart.com', 'password456'),
(3, 'pulkit', 'icon premier', 'pulkit.sharma2@flipkart.com', 'password789'),
(4, 'vamsi', 'icon premier', 'vamsi.k@flipkart.com', 'password147'),
(5, 'saransh', 'icon premier', 'saransh.kasliwal@flipkart.com', 'password258');


-- -----------------------------------------------------
-- Table `FlipFit_Schema`.`Slot`
-- -----------------------------------------------------
CREATE TABLE IF NOT EXISTS `FlipFit_Schema`.`Slot` (
  `SlotId` INT NOT NULL,
  `SlotDateTime` DATETIME NOT NULL,
  `SlotSeats` INT NOT NULL,
  `SlotSeatsLeft` INT NOT NULL,
  PRIMARY KEY (`SlotId`),
  UNIQUE INDEX `SlotId_UNIQUE` (`SlotId` ASC) VISIBLE)
ENGINE = InnoDB
DEFAULT CHARACTER SET = utf8mb4
COLLATE = utf8mb4_0900_ai_ci;
INSERT INTO `FlipFit_Schema`.`Slot` (`SlotId`, `SlotDateTime`, `SlotSeats`, `SlotSeatsLeft`) VALUES
(100, '2025-02-01 06:00:00', 20, 17),
(101, '2025-02-01 07:00:00', 20, 18),
(102, '2025-02-01 08:00:00', 20, 20),
(103, '2025-02-02 06:00:00', 20, 20),
(104, '2025-02-01 07:00:00', 20, 20);



-- -----------------------------------------------------
-- Table `FlipFit_Schema`.`Booking`
-- -----------------------------------------------------
CREATE TABLE IF NOT EXISTS `FlipFit_Schema`.`Booking` (
  `BookingId` INT NOT NULL,
  `CustomerId` INT NOT NULL,
  `SlotId` INT NOT NULL,
  `BookingStatus` VARCHAR(45) NOT NULL,
  PRIMARY KEY (`BookingId`),
  INDEX `FK_Customer_Booking` (`CustomerId` ASC) VISIBLE,
  INDEX `FK_Slot_Booking` (`SlotId` ASC) VISIBLE,
  CONSTRAINT `FK_Customer_Booking`
    FOREIGN KEY (`CustomerId`)
    REFERENCES `FlipFit_Schema`.`Customer` (`CustomerId`),
  CONSTRAINT `FK_Slot_Booking`
    FOREIGN KEY (`SlotId`)
    REFERENCES `FlipFit_Schema`.`Slot` (`SlotId`))
ENGINE = InnoDB
DEFAULT CHARACTER SET = utf8mb4
COLLATE = utf8mb4_0900_ai_ci;
INSERT INTO `FlipFit_Schema`.`Booking` (`BookingId`, `CustomerId`, `SlotId`, `BookingStatus`) VALUES
(1000, 1, 100, 'Confirmed'),
(1001, 2, 100, 'Confirmed'),
(1002, 3, 100, 'Confirmed'),
(1003, 4, 101, 'Confirmed'),
(1004, 5, 101, 'Confirmed');



-- -----------------------------------------------------
-- Table `FlipFit_Schema`.`Gym`
-- -----------------------------------------------------
CREATE TABLE IF NOT EXISTS `FlipFit_Schema`.`Gym` (
  `GymId` INT NOT NULL,
  `GymName` VARCHAR(45) NOT NULL,
  `GymLocation` VARCHAR(45) NOT NULL,
  PRIMARY KEY (`GymId`),
  UNIQUE INDEX `GymId_UNIQUE` (`GymId` ASC) VISIBLE)
ENGINE = InnoDB
DEFAULT CHARACTER SET = utf8mb4
COLLATE = utf8mb4_0900_ai_ci;
INSERT INTO `FlipFit_Schema`.`Gym` (`GymId`, `GymName`, `GymLocation`) VALUES
(10001, 'FlipFit_Belandur_1', 'Belandur'),
(10002, 'FlipFit_Belandur_2', 'Belandur'),
(10003, 'FlipFit_Belandur_3', 'Belandur'),
(10004, 'FlipFit_Belandur_4', 'Belandur'),
(10005, 'FlipFit_Belandur_5', 'Belandur');



-- -----------------------------------------------------
-- Table `FlipFit_Schema`.`GymAdmin`
-- -----------------------------------------------------
CREATE TABLE IF NOT EXISTS `FlipFit_Schema`.`GymAdmin` (
  `GymAdminId` INT NOT NULL,
  `GymAdminName` VARCHAR(45) NOT NULL,
  `GymAdminEmailId` VARCHAR(45) NOT NULL,
  `GymAdminPassword` VARCHAR(45) NOT NULL,
  PRIMARY KEY (`GymAdminId`),
  UNIQUE INDEX `GymAdminId_UNIQUE` (`GymAdminId` ASC) VISIBLE,
  UNIQUE INDEX `GymAdminEmailId_UNIQUE` (`GymAdminEmailId` ASC) VISIBLE)
ENGINE = InnoDB
DEFAULT CHARACTER SET = utf8mb4
COLLATE = utf8mb4_0900_ai_ci;
INSERT INTO `FlipFit_Schema`.`GymAdmin` (`GymAdminId`, `GymAdminName`, `GymAdminEmailId`, `GymAdminPassword`) VALUES
(10, 'Raj', 'raj.patel@flipkart.com', 'admin123'),
(11, 'Ananya', 'ananya.jain2@flipkart.com', 'admin456');



-- -----------------------------------------------------
-- Table `FlipFit_Schema`.`GymOwner`
-- -----------------------------------------------------
CREATE TABLE IF NOT EXISTS `FlipFit_Schema`.`GymOwner` (
  `GymOwnerID` INT NOT NULL,
  `GymOwnerName` VARCHAR(45) NOT NULL,
  `GymOwnerEmailID` VARCHAR(45) NOT NULL,
  `GymOwnerPassword` VARCHAR(45) NOT NULL,
  PRIMARY KEY (`GymOwnerID`),
  UNIQUE INDEX `GymOwnerID_UNIQUE` (`GymOwnerID` ASC) VISIBLE,
  UNIQUE INDEX `GymOwnerEmailID_UNIQUE` (`GymOwnerEmailID` ASC) VISIBLE)
ENGINE = InnoDB
DEFAULT CHARACTER SET = utf8mb4
COLLATE = utf8mb4_0900_ai_ci;
INSERT INTO `FlipFit_Schema`.`GymOwner` (`GymOwnerID`, `GymOwnerName`, `GymOwnerEmailID`, `GymOwnerPassword`) VALUES
(110, 'Aditya', 'aditya.aggarwal@flipkart.com', 'owner123');


-- -----------------------------------------------------
-- Table `FlipFit_Schema`.`GymList`
-- -----------------------------------------------------
CREATE TABLE IF NOT EXISTS `FlipFit_Schema`.`GymList` (
  `GymOwnerId` INT NOT NULL,
  `GymId` INT NOT NULL,
  PRIMARY KEY (`GymOwnerId`, `GymId`),
  INDEX `FK_Gym_GymList` (`GymId` ASC) VISIBLE,
  CONSTRAINT `FK_Gym_GymList`
    FOREIGN KEY (`GymId`)
    REFERENCES `FlipFit_Schema`.`Gym` (`GymId`)
    ON DELETE CASCADE
    ON UPDATE CASCADE,
  CONSTRAINT `FK_GymOwner_GymList`
    FOREIGN KEY (`GymOwnerId`)
    REFERENCES `FlipFit_Schema`.`GymOwner` (`GymOwnerID`)
    ON DELETE CASCADE
    ON UPDATE CASCADE)
ENGINE = InnoDB
DEFAULT CHARACTER SET = utf8mb4
COLLATE = utf8mb4_0900_ai_ci;
INSERT INTO `FlipFit_Schema`.`GymList` (`GymOwnerId`, `GymId`) VALUES
(110, 10001),
(110, 10002),
(110, 10003),
(110, 10004),
(110, 10005);


-- -----------------------------------------------------
-- Table `FlipFit_Schema`.`Payment`
-- -----------------------------------------------------
CREATE TABLE IF NOT EXISTS `FlipFit_Schema`.`Payment` (
  `PaymentId` INT NOT NULL,
  `TransactionId` INT NOT NULL,
  `Amount` INT NOT NULL,
  `PaymentDateTime` DATETIME NOT NULL,
  `CustomerId` INT NOT NULL,
  PRIMARY KEY (`PaymentId`),
  UNIQUE INDEX `TransactionId_UNIQUE` (`TransactionId` ASC) VISIBLE,
  INDEX `FK_Customer_Payment` (`CustomerId` ASC) VISIBLE,
  CONSTRAINT `FK_Customer_Payment`
    FOREIGN KEY (`CustomerId`)
    REFERENCES `FlipFit_Schema`.`Customer` (`CustomerId`))
ENGINE = InnoDB
DEFAULT CHARACTER SET = utf8mb4
COLLATE = utf8mb4_0900_ai_ci;
INSERT INTO `FlipFit_Schema`.`Payment` (`PaymentId`, `TransactionId`, `Amount`, `PaymentDateTime`, `CustomerId`) VALUES
(200, 300, 50, '2025-02-01 09:00:00', 1),
(201, 301, 75, '2025-02-02 11:00:00', 2),
(202, 302, 50, '2025-02-01 09:00:00', 3),
(203, 303, 75, '2025-02-02 11:00:00', 4),
(204, 304, 100, '2025-02-03 13:00:00',5);



-- -----------------------------------------------------
-- Table `FlipFit_Schema`.`SlotList`
-- -----------------------------------------------------
CREATE TABLE IF NOT EXISTS `FlipFit_Schema`.`SlotList` (
  `SlotId` INT NOT NULL,
  `GymId` INT NOT NULL,
  PRIMARY KEY (`SlotId`, `GymId`),
  INDEX `FK_Gym_SlotList` (`GymId` ASC) VISIBLE,
  CONSTRAINT `FK_Gym_SlotList`
    FOREIGN KEY (`GymId`)
    REFERENCES `FlipFit_Schema`.`Gym` (`GymId`)
    ON DELETE CASCADE
    ON UPDATE CASCADE,
  CONSTRAINT `FK_Slot_SlotList`
    FOREIGN KEY (`SlotId`)
    REFERENCES `FlipFit_Schema`.`Slot` (`SlotId`)
    ON DELETE CASCADE
    ON UPDATE CASCADE)
ENGINE = InnoDB
DEFAULT CHARACTER SET = utf8mb4
COLLATE = utf8mb4_0900_ai_ci;
INSERT INTO `FlipFit_Schema`.`SlotList` (`SlotId`, `GymId`) VALUES
(100,10001),
(101,10001),
(102,10001),
(103,10002),
(104,10002);




SET SQL_MODE=@OLD_SQL_MODE;
SET FOREIGN_KEY_CHECKS=@OLD_FOREIGN_KEY_CHECKS;
SET UNIQUE_CHECKS=@OLD_UNIQUE_CHECKS;
